{"cameraMode":{"drawMode":0,"name":"Shaded","section":"Shading Mode"},"sceneLighting":true,"audioPlay":false,"sceneViewState":{"showFog":true,"showMaterialUpdate":false,"showSkybox":true,"showFlares":true,"showImageEffects":true,"showParticleSystems":true},"in2DMode":false,"pivot":{"x":8.727462768554688,"y":-5.814453125,"z":-11.515625},"rotation":{"x":-0.0032664102036505939,"y":0.9502781629562378,"z":-0.3112253248691559,"w":-0.009978585876524449},"size":6.557704448699951,"orthographic":true}