{"cameraMode":{"drawMode":0,"name":"Shaded","section":"Shading Mode"},"sceneLighting":true,"audioPlay":false,"sceneViewState":{"showFog":true,"showMaterialUpdate":false,"showSkybox":true,"showFlares":true,"showImageEffects":true,"showParticleSystems":true},"in2DMode":false,"pivot":{"x":417.0400085449219,"y":179.760009765625,"z":0.0},"rotation":{"x":-0.011990588158369065,"y":0.03898729383945465,"z":-0.00046787047176621854,"w":-0.9991676807403565},"size":385.84918212890627,"orthographic":true}